evidence_group,dataset,baseline,method,metric,baseline_value,method_value,relative_improvement,status
historical_complete,opened_local,ASCENT,historical_complete_system,top1_ADE,0.647269,0.588593,0.0907,retrospective
historical_complete,opened_local,ASCENT,historical_complete_system,top1_FDE,1.342108,1.224768,0.0874,retrospective
historical_complete,opened_local,ASCENT,historical_complete_system,minADE5,0.283945,0.268856,0.0531,retrospective
historical_complete,opened_local,ASCENT,historical_complete_system,minFDE5,0.493511,0.453099,0.0819,retrospective
historical_complete,opened_local,ASCENT,historical_complete_system,energy,0.443553,0.420299,0.0524,retrospective
historical_complete,opened_local,ASCENT,historical_complete_system,fixed_event_NLL,0.974219,0.924182,0.0514,retrospective
historical_complete,opened_local,ASCENT,historical_complete_system,fixed_event_Brier,0.490398,0.470404,0.0408,retrospective
eqmotion,KAGC,EqMotion,gibbs_unweighted_energy_kl,minADE,0.882051,0.383222,0.5655,internal_locked_test
eqmotion,KAGC,EqMotion,gibbs_unweighted_energy_kl,minFDE,1.816098,0.634392,0.6507,internal_locked_test
eqmotion,KAGC,EqMotion,gibbs_unweighted_energy_kl,energy,1.000055,0.467942,0.5321,internal_locked_test
eqmotion,KBTP,EqMotion,gibbs_unweighted_energy_kl,minADE,0.556662,0.235961,0.5761,internal_locked_test
eqmotion,KBTP,EqMotion,gibbs_unweighted_energy_kl,minFDE,1.061638,0.386938,0.6355,internal_locked_test
eqmotion,KBTP,EqMotion,gibbs_unweighted_energy_kl,energy,0.805276,0.345512,0.5709,internal_locked_test
awta,KAGC,aWTA,gibbs_unweighted_energy_kl,energy,0.592630,0.467942,0.2091,internal_locked_test
awta,KBTP,aWTA,gibbs_unweighted_energy_kl,energy,0.362310,0.345512,0.0463,internal_locked_test
e1_social,TrajAir_public_views,TrajAirNet_epoch10,historical_complete_system,energy,0.806528,0.617120,0.2348,reused_public_views
e1_no_social,TrajAir_public_views,ACTrajNet_release,historical_complete_system,energy,1.175515,0.670744,0.4294,reused_public_views
